{"mean":{"confidence_interval":{"confidence_level":0.95,"lower_bound":392875.8447594639,"upper_bound":403300.9475914748},"point_estimate":397984.1586183461,"standard_error":2655.6484874303364},"median":{"confidence_interval":{"confidence_level":0.95,"lower_bound":390447.05387205386,"upper_bound":402535.625},"point_estimate":394820.48131464794,"standard_error":3194.809271533241},"median_abs_dev":{"confidence_interval":{"confidence_level":0.95,"lower_bound":20542.7253156062,"upper_bound":30165.780203481667},"point_estimate":26303.63072963011,"standard_error":2362.8252677790842},"slope":{"confidence_interval":{"confidence_level":0.95,"lower_bound":393589.7314186217,"upper_bound":407149.9540816081},"point_estimate":400561.92556228756,"standard_error":3462.5874455249773},"std_dev":{"confidence_interval":{"confidence_level":0.95,"lower_bound":21613.834382499615,"upper_bound":31527.226066748626},"point_estimate":26627.705897418244,"standard_error":2554.3813691368655}}