{"mean":{"confidence_interval":{"confidence_level":0.95,"lower_bound":243512.1908150022,"upper_bound":245859.65326440666},"point_estimate":244483.75129563746,"standard_error":613.3280290150359},"median":{"confidence_interval":{"confidence_level":0.95,"lower_bound":243205.38974358974,"upper_bound":243603.1413687436},"point_estimate":243436.66704980843,"standard_error":92.6676567147561},"median_abs_dev":{"confidence_interval":{"confidence_level":0.95,"lower_bound":699.8533503206702,"upper_bound":1501.5557673867859},"point_estimate":1005.7940645425213,"standard_error":200.81488123961148},"slope":{"confidence_interval":{"confidence_level":0.95,"lower_bound":243390.7937109169,"upper_bound":244007.9748796431},"point_estimate":243670.5876961726,"standard_error":157.62217851710486},"std_dev":{"confidence_interval":{"confidence_level":0.95,"lower_bound":1983.6490794409133,"upper_bound":9796.62104568052},"point_estimate":6146.877483484951,"standard_error":2303.124507579731}}