{"mean":{"confidence_interval":{"confidence_level":0.95,"lower_bound":102872.34536443863,"upper_bound":103752.75742977129},"point_estimate":103209.12689187769,"standard_error":237.39738199495517},"median":{"confidence_interval":{"confidence_level":0.95,"lower_bound":102730.5970467033,"upper_bound":102997.5670231729},"point_estimate":102841.46444444446,"standard_error":69.11709909476978},"median_abs_dev":{"confidence_interval":{"confidence_level":0.95,"lower_bound":379.81910926234633,"upper_bound":717.8210077567757},"point_estimate":560.1946042537611,"standard_error":88.13486315665699},"slope":{"confidence_interval":{"confidence_level":0.95,"lower_bound":102718.95764840125,"upper_bound":102987.48059335366},"point_estimate":102846.08969942367,"standard_error":68.55200226044533},"std_dev":{"confidence_interval":{"confidence_level":0.95,"lower_bound":583.6460594565981,"upper_bound":3971.9836937790737},"point_estimate":2387.55962083493,"standard_error":1130.0272684437984}}