{"mean":{"confidence_interval":{"confidence_level":0.95,"lower_bound":125956.51523654297,"upper_bound":127146.38020036387},"point_estimate":126414.25878057507,"standard_error":317.20932896023083},"median":{"confidence_interval":{"confidence_level":0.95,"lower_bound":125795.51666666666,"upper_bound":126227.25646892656},"point_estimate":126030.8359490594,"standard_error":99.0775653011978},"median_abs_dev":{"confidence_interval":{"confidence_level":0.95,"lower_bound":629.6219174065372,"upper_bound":983.5534268065259},"point_estimate":797.4973076783989,"standard_error":88.98498198329276},"slope":{"confidence_interval":{"confidence_level":0.95,"lower_bound":125781.38999317911,"upper_bound":126214.9921413546},"point_estimate":125980.18707846904,"standard_error":110.61718950875058},"std_dev":{"confidence_interval":{"confidence_level":0.95,"lower_bound":774.8651094449706,"upper_bound":5270.326321738481},"point_estimate":3180.364356109512,"standard_error":1455.824446576624}}