{"mean":{"confidence_interval":{"confidence_level":0.95,"lower_bound":198777.55977177757,"upper_bound":201302.71863091103},"point_estimate":199745.2719689286,"standard_error":685.562384622107},"median":{"confidence_interval":{"confidence_level":0.95,"lower_bound":198474.09772727272,"upper_bound":198849.34634146342},"point_estimate":198635.5220689655,"standard_error":99.62054810413942},"median_abs_dev":{"confidence_interval":{"confidence_level":0.95,"lower_bound":557.0765583604873,"upper_bound":1009.1466115483437},"point_estimate":744.1649082955095,"standard_error":126.96291024036262},"slope":{"confidence_interval":{"confidence_level":0.95,"lower_bound":198722.09063963566,"upper_bound":199458.0919346051},"point_estimate":199042.47129835968,"standard_error":189.5494680927618},"std_dev":{"confidence_interval":{"confidence_level":0.95,"lower_bound":1387.0260795961592,"upper_bound":11596.371032828507},"point_estimate":6955.7459410876445,"standard_error":3316.2635319520664}}