{"mean":{"confidence_interval":{"confidence_level":0.95,"lower_bound":233976.19843033713,"upper_bound":240155.81359412926},"point_estimate":236862.8067167959,"standard_error":1579.8077057396556},"median":{"confidence_interval":{"confidence_level":0.95,"lower_bound":231328.2457142857,"upper_bound":236860.864},"point_estimate":232956.8842051282,"standard_error":1388.5910959083578},"median_abs_dev":{"confidence_interval":{"confidence_level":0.95,"lower_bound":7047.132350952317,"upper_bound":12265.066269655692},"point_estimate":8978.329595375866,"standard_error":1377.9658046063544},"slope":{"confidence_interval":{"confidence_level":0.95,"lower_bound":235414.8934361495,"upper_bound":243058.2705231809},"point_estimate":238948.95384601745,"standard_error":1963.9994718066862},"std_dev":{"confidence_interval":{"confidence_level":0.95,"lower_bound":10781.325450245942,"upper_bound":20727.63676289539},"point_estimate":15809.26725078539,"standard_error":2581.895700671715}}