{"mean":{"confidence_interval":{"confidence_level":0.95,"lower_bound":1141001.6182331506,"upper_bound":1165471.6641551591},"point_estimate":1152317.655875151,"standard_error":6242.512687771681},"median":{"confidence_interval":{"confidence_level":0.95,"lower_bound":1134749.0638297873,"upper_bound":1153506.3368421053},"point_estimate":1142017.104918033,"standard_error":4679.392034125215},"median_abs_dev":{"confidence_interval":{"confidence_level":0.95,"lower_bound":32911.47310237896,"upper_bound":52373.50438783148},"point_estimate":43271.3216817805,"standard_error":4678.170614461224},"slope":{"confidence_interval":{"confidence_level":0.95,"lower_bound":1143272.2976659979,"upper_bound":1167979.7937762842},"point_estimate":1155219.635812029,"standard_error":6300.109355101941},"std_dev":{"confidence_interval":{"confidence_level":0.95,"lower_bound":40959.934780515134,"upper_bound":87184.25487720931},"point_estimate":62867.82038506472,"standard_error":13016.621808353886}}