{"mean":{"confidence_interval":{"confidence_level":0.95,"lower_bound":233423.6171442763,"upper_bound":235735.9727039748},"point_estimate":234346.47170065664,"standard_error":608.1889616105228},"median":{"confidence_interval":{"confidence_level":0.95,"lower_bound":232900.67401823282,"upper_bound":233569.56708860758},"point_estimate":233198.08397486253,"standard_error":169.51240250973325},"median_abs_dev":{"confidence_interval":{"confidence_level":0.95,"lower_bound":961.8632005693723,"upper_bound":1686.2690882623338},"point_estimate":1319.614932112227,"standard_error":171.25628087946737},"slope":{"confidence_interval":{"confidence_level":0.95,"lower_bound":232990.38425189586,"upper_bound":233748.48111885728},"point_estimate":233345.99548633074,"standard_error":193.8729802105414},"std_dev":{"confidence_interval":{"confidence_level":0.95,"lower_bound":1834.9517862429411,"upper_bound":9934.581211508097},"point_estimate":6114.3240525072515,"standard_error":2556.7313538742656}}