{"mean":{"confidence_interval":{"confidence_level":0.95,"lower_bound":76373.84710563722,"upper_bound":77273.17147044004},"point_estimate":76735.5577588506,"standard_error":236.16685003201792},"median":{"confidence_interval":{"confidence_level":0.95,"lower_bound":76282.07849293563,"upper_bound":76473.54160125589},"point_estimate":76369.75586080586,"standard_error":50.75462477844972},"median_abs_dev":{"confidence_interval":{"confidence_level":0.95,"lower_bound":279.96312532551593,"upper_bound":469.2902751299726},"point_estimate":397.2607516706866,"standard_error":48.448441862188496},"slope":{"confidence_interval":{"confidence_level":0.95,"lower_bound":76226.57962395062,"upper_bound":76610.82390105206},"point_estimate":76386.5222200498,"standard_error":98.75802773548924},"std_dev":{"confidence_interval":{"confidence_level":0.95,"lower_bound":418.5854516178595,"upper_bound":3876.796875543111},"point_estimate":2380.119347476404,"standard_error":982.0211483998635}}