{"mean":{"confidence_interval":{"confidence_level":0.95,"lower_bound":72445.2006327498,"upper_bound":74780.34805017867},"point_estimate":73462.95614285173,"standard_error":603.7885251786529},"median":{"confidence_interval":{"confidence_level":0.95,"lower_bound":71931.20682720057,"upper_bound":72190.34502479603},"point_estimate":72049.23247887864,"standard_error":62.90506120341497},"median_abs_dev":{"confidence_interval":{"confidence_level":0.95,"lower_bound":299.3025362657513,"upper_bound":505.43993305630005},"point_estimate":349.8454574253669,"standard_error":52.254878728263556},"slope":{"confidence_interval":{"confidence_level":0.95,"lower_bound":72002.34069346859,"upper_bound":72256.31105267178},"point_estimate":72118.70454812219,"standard_error":64.61851678118813},"std_dev":{"confidence_interval":{"confidence_level":0.95,"lower_bound":2346.961120450142,"upper_bound":9106.420391648879},"point_estimate":6057.119316051733,"standard_error":1749.5258503809941}}