{"mean":{"confidence_interval":{"confidence_level":0.95,"lower_bound":110231.01103726181,"upper_bound":111053.60783011834},"point_estimate":110600.46489987015,"standard_error":211.10954869592794},"median":{"confidence_interval":{"confidence_level":0.95,"lower_bound":110246.7631620868,"upper_bound":110606.87600644122},"point_estimate":110376.2380324989,"standard_error":107.89691551276336},"median_abs_dev":{"confidence_interval":{"confidence_level":0.95,"lower_bound":495.28722763039485,"upper_bound":821.7204337581039},"point_estimate":627.9228464217481,"standard_error":80.12165927450981},"slope":{"confidence_interval":{"confidence_level":0.95,"lower_bound":110469.4498487824,"upper_bound":110873.1040625805},"point_estimate":110645.12932827612,"standard_error":103.62818664802676},"std_dev":{"confidence_interval":{"confidence_level":0.95,"lower_bound":1020.4943272456029,"upper_bound":3107.5672477772355},"point_estimate":2122.853214908817,"standard_error":551.3648720196848}}