{"mean":{"confidence_interval":{"confidence_level":0.95,"lower_bound":239349.0801980935,"upper_bound":245631.8579490205},"point_estimate":242326.92353815996,"standard_error":1601.7256583184276},"median":{"confidence_interval":{"confidence_level":0.95,"lower_bound":236944.5257142857,"upper_bound":241814.01897767332},"point_estimate":239077.33838383836,"standard_error":1385.5402592950081},"median_abs_dev":{"confidence_interval":{"confidence_level":0.95,"lower_bound":6400.52756254278,"upper_bound":11511.873975554401},"point_estimate":8828.725459566487,"standard_error":1320.6834513714398},"slope":{"confidence_interval":{"confidence_level":0.95,"lower_bound":239616.2831169364,"upper_bound":244216.21053726488},"point_estimate":241769.60992049653,"standard_error":1176.4017141914749},"std_dev":{"confidence_interval":{"confidence_level":0.95,"lower_bound":11112.391292381348,"upper_bound":20977.07731958509},"point_estimate":16055.64559041246,"standard_error":2563.8099354887054}}