{"mean":{"confidence_interval":{"confidence_level":0.95,"lower_bound":244646.94721361724,"upper_bound":248067.2070574195},"point_estimate":245883.92776815352,"standard_error":998.2874523594023},"median":{"confidence_interval":{"confidence_level":0.95,"lower_bound":244378.3745725034,"upper_bound":244856.97980392157},"point_estimate":244687.91735347986,"standard_error":137.99375756365419},"median_abs_dev":{"confidence_interval":{"confidence_level":0.95,"lower_bound":775.7855991815924,"upper_bound":1345.3766414556899},"point_estimate":990.9713415543586,"standard_error":148.714217619362},"slope":{"confidence_interval":{"confidence_level":0.95,"lower_bound":244868.14402663507,"upper_bound":245593.66118608462},"point_estimate":245202.65700975322,"standard_error":185.44638659860604},"std_dev":{"confidence_interval":{"confidence_level":0.95,"lower_bound":1295.10469003937,"upper_bound":17024.843183048088},"point_estimate":10014.969877887239,"standard_error":5493.228190269426}}