{"mean":{"confidence_interval":{"confidence_level":0.95,"lower_bound":198916.0984391436,"upper_bound":203624.0862587521},"point_estimate":201190.09031518816,"standard_error":1203.4824245660736},"median":{"confidence_interval":{"confidence_level":0.95,"lower_bound":197110.74390243902,"upper_bound":201475.5781818182},"point_estimate":199572.0742063492,"standard_error":1106.9809603830904},"median_abs_dev":{"confidence_interval":{"confidence_level":0.95,"lower_bound":6030.324734616827,"upper_bound":10438.071838002776},"point_estimate":7986.0910490743945,"standard_error":1105.6833507280082},"slope":{"confidence_interval":{"confidence_level":0.95,"lower_bound":201417.22294625329,"upper_bound":206368.79897539422},"point_estimate":203918.7618519285,"standard_error":1270.408291867941},"std_dev":{"confidence_interval":{"confidence_level":0.95,"lower_bound":8697.182428341166,"upper_bound":15887.053007321778},"point_estimate":12087.090960193504,"standard_error":1924.7856529509543}}