{"mean":{"confidence_interval":{"confidence_level":0.95,"lower_bound":164418.9224503229,"upper_bound":167397.18605811175},"point_estimate":165505.8448480716,"standard_error":853.150650464622},"median":{"confidence_interval":{"confidence_level":0.95,"lower_bound":164130.50240770465,"upper_bound":164651.9969604863},"point_estimate":164390.4176755448,"standard_error":146.9671162119856},"median_abs_dev":{"confidence_interval":{"confidence_level":0.95,"lower_bound":882.3748164180611,"upper_bound":1434.1009106838246},"point_estimate":1162.3009909091404,"standard_error":141.24221343171286},"slope":{"confidence_interval":{"confidence_level":0.95,"lower_bound":164247.05627068528,"upper_bound":165468.92775024768},"point_estimate":164782.54574510755,"standard_error":314.76103817892204},"std_dev":{"confidence_interval":{"confidence_level":0.95,"lower_bound":1337.4317417887848,"upper_bound":14417.88354714213},"point_estimate":8519.251882880098,"standard_error":4536.0551930953325}}