{"mean":{"confidence_interval":{"confidence_level":0.95,"lower_bound":359600.60431805946,"upper_bound":370763.08187091415},"point_estimate":364446.1411560657,"standard_error":2903.395116456427},"median":{"confidence_interval":{"confidence_level":0.95,"lower_bound":357732.34959349595,"upper_bound":358375.9597291518},"point_estimate":358040.6725501011,"standard_error":164.31988925429616},"median_abs_dev":{"confidence_interval":{"confidence_level":0.95,"lower_bound":955.2408275479213,"upper_bound":1885.181192290752},"point_estimate":1310.0827057687109,"standard_error":239.8234306588105},"slope":{"confidence_interval":{"confidence_level":0.95,"lower_bound":358085.5023928862,"upper_bound":358836.7245432217},"point_estimate":358443.84693561896,"standard_error":191.29636911143928},"std_dev":{"confidence_interval":{"confidence_level":0.95,"lower_bound":10687.56027799573,"upper_bound":41402.374119199725},"point_estimate":29106.90029510625,"standard_error":7705.247307840771}}