{"mean":{"confidence_interval":{"confidence_level":0.95,"lower_bound":308158.97481344594,"upper_bound":316055.8602572698},"point_estimate":311896.43559531186,"standard_error":2018.0836540517296},"median":{"confidence_interval":{"confidence_level":0.95,"lower_bound":304834.6356382979,"upper_bound":313423.7286057692},"point_estimate":310192.2127819549,"standard_error":2702.8562384780175},"median_abs_dev":{"confidence_interval":{"confidence_level":0.95,"lower_bound":12680.159620734341,"upper_bound":21412.143353576932},"point_estimate":18830.5504822818,"standard_error":2475.474356794644},"slope":{"confidence_interval":{"confidence_level":0.95,"lower_bound":309721.6005008218,"upper_bound":319446.9207386901},"point_estimate":314335.319717009,"standard_error":2483.735649416857},"std_dev":{"confidence_interval":{"confidence_level":0.95,"lower_bound":14284.607454342857,"upper_bound":26109.912578907697},"point_estimate":20276.830249825034,"standard_error":3064.898306690138}}