{"mean":{"confidence_interval":{"confidence_level":0.95,"lower_bound":111499.44833481888,"upper_bound":112634.78112092524},"point_estimate":111927.90103993664,"standard_error":305.46193572658933},"median":{"confidence_interval":{"confidence_level":0.95,"lower_bound":111335.98784722222,"upper_bound":111593.07716888085},"point_estimate":111472.14035541753,"standard_error":72.33343447986084},"median_abs_dev":{"confidence_interval":{"confidence_level":0.95,"lower_bound":408.47764706906065,"upper_bound":662.6320184113699},"point_estimate":523.0727783517052,"standard_error":66.61361354944039},"slope":{"confidence_interval":{"confidence_level":0.95,"lower_bound":111297.81200523379,"upper_bound":111575.88555594138},"point_estimate":111432.75606915915,"standard_error":70.87884396295912},"std_dev":{"confidence_interval":{"confidence_level":0.95,"lower_bound":621.7696514757677,"upper_bound":5110.422077453098},"point_estimate":3062.9880274027005,"standard_error":1452.372512028353}}