{"mean":{"confidence_interval":{"confidence_level":0.95,"lower_bound":360536.4860796874,"upper_bound":366907.92573604884},"point_estimate":362971.5586961787,"standard_error":1732.2139266732763},"median":{"confidence_interval":{"confidence_level":0.95,"lower_bound":359682.21557271556,"upper_bound":360945.18927648576},"point_estimate":360323.3753674309,"standard_error":312.3601797886908},"median_abs_dev":{"confidence_interval":{"confidence_level":0.95,"lower_bound":2226.4438209343894,"upper_bound":4276.434405431314},"point_estimate":2812.003382172695,"standard_error":511.71956187607583},"slope":{"confidence_interval":{"confidence_level":0.95,"lower_bound":361009.5164368957,"upper_bound":364994.2260523102},"point_estimate":362915.8982109256,"standard_error":1024.365706407883},"std_dev":{"confidence_interval":{"confidence_level":0.95,"lower_bound":4174.5737385194925,"upper_bound":28854.040646168647},"point_estimate":17335.807835847183,"standard_error":8307.287149526}}