{"mean":{"confidence_interval":{"confidence_level":0.95,"lower_bound":411246.35868984496,"upper_bound":420539.85906884953},"point_estimate":415345.87850758404,"standard_error":2388.957511342961},"median":{"confidence_interval":{"confidence_level":0.95,"lower_bound":404761.7346938776,"upper_bound":409997.16161705647},"point_estimate":406441.4440972222,"standard_error":1318.292459435772},"median_abs_dev":{"confidence_interval":{"confidence_level":0.95,"lower_bound":4990.987506100547,"upper_bound":11958.103814905087},"point_estimate":7295.794687447968,"standard_error":1820.648067985625},"slope":{"confidence_interval":{"confidence_level":0.95,"lower_bound":411583.7563429712,"upper_bound":422892.7764725271},"point_estimate":416910.99738338013,"standard_error":2919.059883071644},"std_dev":{"confidence_interval":{"confidence_level":0.95,"lower_bound":13004.524775698328,"upper_bound":35001.643238759745},"point_estimate":23815.434589590885,"standard_error":6291.016265683618}}