{"mean":{"confidence_interval":{"confidence_level":0.95,"lower_bound":218059.74257647575,"upper_bound":220910.7257778682},"point_estimate":219263.53061115684,"standard_error":740.4361463928577},"median":{"confidence_interval":{"confidence_level":0.95,"lower_bound":217291.33230769233,"upper_bound":218063.92258064516},"point_estimate":217615.06518467853,"standard_error":209.32457976363875},"median_abs_dev":{"confidence_interval":{"confidence_level":0.95,"lower_bound":949.4128084354486,"upper_bound":1719.470029473299},"point_estimate":1258.1180484602903,"standard_error":192.6157171678327},"slope":{"confidence_interval":{"confidence_level":0.95,"lower_bound":218114.9665583686,"upper_bound":219443.81182213864},"point_estimate":218721.04277523275,"standard_error":341.66678746281053},"std_dev":{"confidence_interval":{"confidence_level":0.95,"lower_bound":2441.010126523743,"upper_bound":11609.349121737798},"point_estimate":7423.511299496387,"standard_error":2524.5950149780238}}