{"mean":{"confidence_interval":{"confidence_level":0.95,"lower_bound":363026.74411988544,"upper_bound":368910.1032288127},"point_estimate":365266.2521969985,"standard_error":1589.8370751592395},"median":{"confidence_interval":{"confidence_level":0.95,"lower_bound":362123.22344322345,"upper_bound":363185.1185185185},"point_estimate":362746.378959276,"standard_error":306.8384277100875},"median_abs_dev":{"confidence_interval":{"confidence_level":0.95,"lower_bound":1575.639939222545,"upper_bound":2985.4827386637626},"point_estimate":2158.935918141837,"standard_error":357.4145268327902},"slope":{"confidence_interval":{"confidence_level":0.95,"lower_bound":361445.187242014,"upper_bound":363019.05779846426},"point_estimate":362141.1817210975,"standard_error":401.8005279527073},"std_dev":{"confidence_interval":{"confidence_level":0.95,"lower_bound":3365.7393004254877,"upper_bound":26720.97692456391},"point_estimate":16038.01523419708,"standard_error":7627.341044099015}}