{"mean":{"confidence_interval":{"confidence_level":0.95,"lower_bound":291487.3518324141,"upper_bound":296666.35362229345},"point_estimate":293634.809341127,"standard_error":1352.5755954519545},"median":{"confidence_interval":{"confidence_level":0.95,"lower_bound":290895.6651785714,"upper_bound":291667.4410353535},"point_estimate":291279.65905923344,"standard_error":201.41467776946388},"median_abs_dev":{"confidence_interval":{"confidence_level":0.95,"lower_bound":1204.3013702823237,"upper_bound":1849.5445702890406},"point_estimate":1591.705900522074,"standard_error":164.56493101716586},"slope":{"confidence_interval":{"confidence_level":0.95,"lower_bound":291366.83005577704,"upper_bound":292511.4367291106},"point_estimate":291863.3586677996,"standard_error":296.46249501958},"std_dev":{"confidence_interval":{"confidence_level":0.95,"lower_bound":2178.7640967232956,"upper_bound":21803.79051486782},"point_estimate":13657.836718054938,"standard_error":5248.956336998526}}