{"c":0.49008068183413495,"eta_v":0.0,"g":15.102342554389214,"m":10.591628099186918,"rho":0.0,"sigma":0.4295340014250454,"speed":0.0,"v0":1.0,"y":1.9765065968402098}