{"eta_v":0.5944638059552723,"rho":-0.5765932998576228,"sigma":0.2653523555615689,"speed":1.1465003590537628,"v0":0.000041105112402131765}