{"c":0.9845469890853369,"eta_v":0.0,"g":4.975528654862271,"m":4.975463605663039,"rho":0.0,"sigma":0.0,"speed":0.0,"v0":1.0,"y":1.5036667912363}