{"c":1.0456890179626286,"eta_v":0.0,"g":5.070433472190556,"m":5.070616012864887,"rho":0.0,"sigma":0.0,"speed":0.0,"v0":1.0,"y":1.4894217453143779}