{"eta_v":0.0,"lambda":1.000000000000715,"mu_l":-0.024999999999988996,"rho":0.0,"sig_l":0.22360679774992961,"sigma":0.22360679774994774,"speed":0.0,"v0":1.0}