{"eta_v":0.0,"lambda":1.0000784321920475,"mu_l":-0.024998878294661946,"rho":0.0,"sig_l":0.22360150671219822,"sigma":0.22360324615413094,"speed":0.0,"v0":1.0}