{"eta_v":0.0,"lambda":1.0000000000004778,"mu_l":-0.024999999999992674,"rho":0.0,"sig_l":0.22360679774994663,"sigma":0.22360679774995756,"speed":0.0,"v0":1.0}