{"c":0.862913726929743,"eta_v":0.0,"g":19.517702400368318,"m":9.987851036664063,"rho":0.0,"sigma":0.0,"speed":0.0,"v0":1.0,"y":1.6304164152308245}