{"eta_v":0.0,"lambda":1.0,"mu_l":-0.024999999999999998,"rho":0.0,"sig_l":0.22360679774997896,"sigma":0.22360679774997896,"speed":0.0,"v0":1.0}