{"eta_v":0.5700897785252661,"rho":-0.5697033462974792,"sigma":0.19170461175872977,"speed":1.615719162175297,"v0":0.02026729556326444}