{"eta_v":0.0,"lambda":1.0000000000016829,"mu_l":-0.024999999999975264,"rho":0.0,"sig_l":0.22360679774986808,"sigma":0.22360679774990028,"speed":0.0,"v0":1.0}