{"eta_v":0.5751000000004096,"rho":-0.5711000000000727,"sigma":0.1994993734329129,"speed":1.576799999999618,"v0":0.01749999999987986}