{"eta_v":0.9281515803359989,"rho":-0.5556756984632095,"sigma":0.20646364500838058,"speed":2.9706902094245757,"v0":0.000940678371068755}