{"eta_v":0.0,"lambda":0.9999463634209591,"mu_l":-0.025000769598588244,"rho":0.0,"sig_l":0.22361041510685606,"sigma":0.22360922797520522,"speed":0.0,"v0":1.0}