{"c":1.0895637168513912,"eta_v":0.0,"g":5.135531399364442,"m":5.135876646851981,"rho":0.0,"sigma":0.0,"speed":0.0,"v0":1.0,"y":1.4796132858017261}