{"eta_v":0.0,"lambda":0.09992257173016408,"mu_l":9.85984213945622,"rho":0.0,"sig_l":19.30584343788629,"sigma":-0.951661026775988,"speed":0.0,"v0":1.0}