{"c":0.6131674037184576,"eta_v":0.0,"g":15.75136389923256,"m":8.819510192369814,"rho":0.0,"sigma":0.33978031803842335,"speed":0.0,"v0":1.0,"y":1.9920746254182382}