{"c":1.0153706553138766,"eta_v":0.0,"g":5.0240095656976465,"m":5.0240725304640215,"rho":0.0,"sigma":0.0,"speed":0.0,"v0":1.0,"y":1.4963981234922048}