{"eta_v":0.5750999999998593,"rho":-0.5710999999999705,"sigma":0.19949937343240393,"speed":1.576800000000993,"v0":0.017500000000068336}