{"c":1.0329556881694608,"eta_v":0.0,"g":5.051084247895931,"m":5.051217259333569,"rho":0.0,"sigma":0.0,"speed":0.0,"v0":1.0,"y":1.492331375413807}