{"eta_v":0.5750964730647653,"rho":-0.5711027985940572,"sigma":0.19951422998310933,"speed":1.5766599393792957,"v0":0.017495285679454416}