{"eta_v":0.0,"lambda":0.9999178519337173,"mu_l":-0.02500117404260335,"rho":0.0,"sig_l":0.22361233124691404,"sigma":0.2236105254997405,"speed":0.0,"v0":1.0}