{"mean":{"confidence_interval":{"confidence_level":0.95,"lower_bound":185751.20402736875,"upper_bound":188451.82439030858},"point_estimate":187067.2577145104,"standard_error":687.8905225025715},"median":{"confidence_interval":{"confidence_level":0.95,"lower_bound":184231.99786780385,"upper_bound":187285.96704110067},"point_estimate":185759.84915123455,"standard_error":779.9280378169251},"median_abs_dev":{"confidence_interval":{"confidence_level":0.95,"lower_bound":3813.3639786284434,"upper_bound":6672.221822016107},"point_estimate":4715.351727714331,"standard_error":734.7873051814059},"slope":{"confidence_interval":{"confidence_level":0.95,"lower_bound":185413.79699377215,"upper_bound":188570.60833235152},"point_estimate":186915.11450963008,"standard_error":807.2957512572937},"std_dev":{"confidence_interval":{"confidence_level":0.95,"lower_bound":5505.177082182596,"upper_bound":8193.686223356182},"point_estimate":6896.040369176074,"standard_error":687.3627879034999}}