{"mean":{"confidence_interval":{"confidence_level":0.95,"lower_bound":168228.07847496565,"upper_bound":171320.8795839489},"point_estimate":169751.76558144696,"standard_error":786.8843686323421},"median":{"confidence_interval":{"confidence_level":0.95,"lower_bound":167050.32727272727,"upper_bound":171459.27917252696},"point_estimate":169420.35241820768,"standard_error":1057.4758383828405},"median_abs_dev":{"confidence_interval":{"confidence_level":0.95,"lower_bound":6682.761656981071,"upper_bound":9809.998351237895},"point_estimate":8448.69096860553,"standard_error":808.5361809597616},"slope":{"confidence_interval":{"confidence_level":0.95,"lower_bound":169935.28242797026,"upper_bound":174022.3559550628},"point_estimate":171967.87438303532,"standard_error":1041.168930063911},"std_dev":{"confidence_interval":{"confidence_level":0.95,"lower_bound":6674.3078303326465,"upper_bound":9079.052857072427},"point_estimate":7899.087893066021,"standard_error":615.1864284281424}}