{"mean":{"confidence_interval":{"confidence_level":0.95,"lower_bound":918552.8813458843,"upper_bound":926955.8201022855},"point_estimate":922041.8779618856,"standard_error":2194.7917370829987},"median":{"confidence_interval":{"confidence_level":0.95,"lower_bound":917046.5116279069,"upper_bound":918544.7020202021},"point_estimate":917874.3515693112,"standard_error":337.9565173181741},"median_abs_dev":{"confidence_interval":{"confidence_level":0.95,"lower_bound":2154.0242187267236,"upper_bound":3520.8456847652174},"point_estimate":2839.162934350053,"standard_error":349.3295077609897},"slope":{"confidence_interval":{"confidence_level":0.95,"lower_bound":918583.131750098,"upper_bound":923708.6885249357},"point_estimate":920663.1476562731,"standard_error":1335.1252605297475},"std_dev":{"confidence_interval":{"confidence_level":0.95,"lower_bound":4481.514129817544,"upper_bound":34616.94513517725},"point_estimate":22072.205281050447,"standard_error":8154.670738656168}}