{"mean":{"confidence_interval":{"confidence_level":0.95,"lower_bound":918582.4319490202,"upper_bound":924724.6707283686},"point_estimate":920900.903962254,"standard_error":1683.7503465511727},"median":{"confidence_interval":{"confidence_level":0.95,"lower_bound":917719.250890655,"upper_bound":919035.9905172414},"point_estimate":918423.905994152,"standard_error":325.1372544041887},"median_abs_dev":{"confidence_interval":{"confidence_level":0.95,"lower_bound":2281.5933736161574,"upper_bound":3695.186842802935},"point_estimate":3031.6312368028152,"standard_error":345.52211684718037},"slope":{"confidence_interval":{"confidence_level":0.95,"lower_bound":918031.7139256806,"upper_bound":919949.490824711},"point_estimate":918921.9863647111,"standard_error":486.48424748897577},"std_dev":{"confidence_interval":{"confidence_level":0.95,"lower_bound":3586.419313458917,"upper_bound":28255.444442709228},"point_estimate":16898.543966874076,"standard_error":8288.350322105069}}