{"mean":{"confidence_interval":{"confidence_level":0.95,"lower_bound":349078.72204913705,"upper_bound":353417.4902289249},"point_estimate":350730.79334912216,"standard_error":1174.1328942425055},"median":{"confidence_interval":{"confidence_level":0.95,"lower_bound":348764.0149812734,"upper_bound":349224.404040404},"point_estimate":349064.4089781746,"standard_error":108.05980435045375},"median_abs_dev":{"confidence_interval":{"confidence_level":0.95,"lower_bound":982.5718791226452,"upper_bound":2044.7668623823301},"point_estimate":1390.334017640322,"standard_error":296.75904015319986},"slope":{"confidence_interval":{"confidence_level":0.95,"lower_bound":348877.1568402974,"upper_bound":349561.48994783295},"point_estimate":349211.0510378799,"standard_error":174.57940159678523},"std_dev":{"confidence_interval":{"confidence_level":0.95,"lower_bound":1762.2242663471611,"upper_bound":19732.674292440006},"point_estimate":11833.405098557027,"standard_error":5609.182719661832}}