{"mean":{"confidence_interval":{"confidence_level":0.95,"lower_bound":127981.44194502417,"upper_bound":131015.89265215799},"point_estimate":129429.82001912853,"standard_error":774.3697287069425},"median":{"confidence_interval":{"confidence_level":0.95,"lower_bound":126376.20512820513,"upper_bound":128563.02827380953},"point_estimate":127382.22470238095,"standard_error":589.8259374233169},"median_abs_dev":{"confidence_interval":{"confidence_level":0.95,"lower_bound":3658.3573210295144,"upper_bound":6043.842179455791},"point_estimate":4880.232497342937,"standard_error":605.2740389196482},"slope":{"confidence_interval":{"confidence_level":0.95,"lower_bound":126602.59638812335,"upper_bound":128778.00236434222},"point_estimate":127635.96946763706,"standard_error":557.2240322427554},"std_dev":{"confidence_interval":{"confidence_level":0.95,"lower_bound":5741.992471025009,"upper_bound":9688.539056607415},"point_estimate":7820.9777625933275,"standard_error":1011.5717197633495}}