{"mean":{"confidence_interval":{"confidence_level":0.95,"lower_bound":122906.30144068792,"upper_bound":126245.65817345638},"point_estimate":124481.67870309611,"standard_error":852.4921390044725},"median":{"confidence_interval":{"confidence_level":0.95,"lower_bound":122590.2126984127,"upper_bound":124528.77275012569},"point_estimate":123556.33006535948,"standard_error":452.23710765479706},"median_abs_dev":{"confidence_interval":{"confidence_level":0.95,"lower_bound":2974.300010332877,"upper_bound":4904.594711689478},"point_estimate":3782.6644727096023,"standard_error":475.0806998669444},"slope":{"confidence_interval":{"confidence_level":0.95,"lower_bound":121414.1942895907,"upper_bound":124553.99808971991},"point_estimate":123034.6176743346,"standard_error":803.5469291238036},"std_dev":{"confidence_interval":{"confidence_level":0.95,"lower_bound":5456.709125186494,"upper_bound":11271.154600815385},"point_estimate":8556.12214643838,"standard_error":1481.9141485371053}}